{
	"type": "flex",
	"altText": "恋愛対象は？",
	"quickReply": {
		"items": [
      {
        "type": "action",
        "action": {
					"type": "postback",
					"label": "男",
					"displayText": "男",
					"data": "action=romance&romance=male"
        }
      },
      {
        "type": "action",
        "action": {
					"type": "postback",
					"label": "女",
					"displayText": "女",
					"data": "action=romance&romance=female"
				}
      },
      {
        "type": "action",
        "action": {
					"type": "postback",
					"label": "両方",
					"displayText": "両方",
					"data": "action=romance&romance=both"
				}
      }
    ]
	},
	"contents": {
		"type": "bubble",
		"hero": {
			"type": "image",
			"url": "https://aisekiimagebucket.s3-ap-northeast-1.amazonaws.com/20200426-0240_278b8dd32672a04863fe767b68cc3afe.jpg",
			"size": "full",
			"aspectRatio": "20:13",
			"aspectMode": "cover"
		},
		"body": {
			"type": "box",
			"layout": "vertical",
			"contents": [
				{
					"type": "text",
					"text": "恋愛対象は？",
					"size": "lg",
					"weight": "regular"
				}
			]
		}
	}
}