{
    "type": "template",
    "altText": "Thank you for subscribing!!",
    "quickReply": {
      "items": [
        {
          "type": "action",
          "action": {
            "type": "camera",
            "label": "普通のCamera"
          }
        }
      ]
    },
    "template": {
      "type": "buttons",
      "actions": [
        {
          "type": "postback",
          "label": "男",
          "displayText": "男",
          "data": "male"
        },
        {
          "type": "postback",
          "label": "女",
          "displayText": "女",
          "data": "female"
        },
        {
          "type": "postback",
          "label": "両方",
          "displayText": "両方",
          "data": "both"
        },
        {
          "type": "uri",
          "label": "(Debug)QRコードカメラ",
          "uri": "https://line.me/R/nv/QRCodeReader"
        }
      ],
      "thumbnailImageUrl": "https://aisekiimagebucket.s3-ap-northeast-1.amazonaws.com/20200426-0240_278b8dd32672a04863fe767b68cc3afe.jpg",
      "title": "あなたの恋愛対象",
      "text": "恋愛対象を教えて下さい"
    }
}