{
	"type": "flex",
	"altText": "あなたの体型は？",
	"quickReply": {
		"items": [
      {
        "type": "action",
        "action": {
					"type": "postback",
					"label": "モデル体型",
					"displayText": "モデル体型",
					"data": "action=style&style=superthin"
        }
      },
      {
        "type": "action",
        "action": {
					"type": "postback",
					"label": "スリム",
					"displayText": "スリム",
					"data": "action=style&style=thin"
				}
      },
      {
        "type": "action",
        "action": {
					"type": "postback",
					"label": "普通",
					"displayText": "普通",
					"data": "action=style&style=normal"
				}
      },
      {
        "type": "action",
        "action": {
					"type": "postback",
					"label": "ぽっちゃり",
					"displayText": "ぽっちゃり",
					"data": "action=style&style=fat"
				}
      }
    ]
	},
	"contents": {
		"type": "bubble",
		"hero": {
			"type": "image",
			"url": "https://aisekiimagebucket.s3-ap-northeast-1.amazonaws.com/bill-oxford-aIlAhLdwk2g-unsplash.jpg",
			"size": "full",
			"aspectRatio": "20:13",
			"aspectMode": "cover"
		},
		"body": {
			"type": "box",
			"layout": "vertical",
			"contents": [
				{
					"type": "text",
					"text": "あなたの体型は？",
					"size": "lg",
					"weight": "regular"
				}
			]
		}
	}
}